Date,description,deposit,withdrawls,balance
2020-08-20,Cheque,3391.0,0.0,83839.0
2020-08-20,ATM,147844.0,0.0,231684.0
2020-08-20,IMPS,17192.0,0.0,248876.0
2020-08-21,Transfer,8.0,0.0,248884.0
2020-08-21,Purchase,0.0,82961.0,165922.0
2020-08-21,Tax,24459.0,0.0,190382.0
2020-08-21,Reversal,0.0,19038.0,171344.0
2020-08-21,Commission,305878.0,0.0,477222.0
2020-08-21,Reversal,1144338.0,0.0,1621559.0
2020-08-21,Interest,0.0,405390.0,1216170.0
2020-08-21,Commission,33.0,0.0,1216203.0
2020-08-21,Commission,20014.0,0.0,1236217.0
2020-08-21,ATM,0.0,1236217.0,0.0
2020-08-22,Cash,4032.0,0.0,4032.0
2020-08-22,Cheque,5.0,0.0,4036.0
2020-08-22,Miscellaneous,489.0,0.0,4525.0
2020-08-22,Interest,667800.0,0.0,672325.0
2020-08-22,Reversal,0.0,112054.0,560271.0
2020-08-22,Purchase,162940.0,0.0,723211.0
2020-08-22,Interest,361.0,0.0,723572.0
2020-08-22,NEFT,0.0,72357.0,651214.0
2020-08-23,Purchase,0.0,93031.0,558184.0
2020-08-23,NEFT,0.0,93031.0,465153.0
2020-08-23,Cheque,0.0,51684.0,413470.0
2020-08-23,Purchase,0.0,45941.0,367528.0
2020-08-23,Miscellaneous,64.0,0.0,367592.0
2020-08-23,Debit Card,3.0,0.0,367595.0
2020-08-23,Cash,650861.0,0.0,1018456.0
2020-08-23,Transfer,35.0,0.0,1018491.0
2020-08-23,Miscellaneous,0.0,1018491.0,0.0
2020-08-23,Purchase,6.0,0.0,6.0
2020-08-23,RTGS,15981.0,0.0,15987.0
2020-08-23,ATM,0.0,15987.0,0.0
2020-08-23,RTGS,306.0,0.0,306.0
2020-08-23,Purchase,0.0,61.0,245.0
2020-08-23,Tax,46.0,0.0,291.0
2020-08-23,Debit Card,0.0,97.0,194.0
2020-08-23,Commission,0.0,19.0,175.0
2020-08-23,RTGS,6.0,0.0,181.0
2020-08-23,Bill,3271.0,0.0,3452.0
2020-08-23,Transfer,0.0,1151.0,2301.0
2020-08-23,NEFT,0.0,329.0,1972.0
2020-08-23,Bill,0.0,197.0,1775.0
2020-08-23,Tax,0.0,355.0,1420.0
2020-08-23,RTGS,0.0,142.0,1278.0
2020-08-23,Purchase,0.0,128.0,1150.0
2020-08-23,Bill,27458.0,0.0,28609.0
2020-08-23,NEFT,0.0,2861.0,25748.0
2020-08-23,Cash,355.0,0.0,26103.0
2020-08-23,NEFT,1059878.0,0.0,1085980.0
2020-08-23,Reversal,0.0,542990.0,542990.0
2020-08-23,Tax,0.0,135748.0,407243.0
2020-08-23,ATM,0.0,58178.0,349065.0
2020-08-23,Interest,0.0,87266.0,261799.0
2020-08-23,Cheque,2952.0,0.0,264751.0
2020-08-23,IMPS,0.0,66188.0,198563.0
2020-08-23,NEFT,0.0,66188.0,132375.0
2020-08-23,Miscellaneous,10.0,0.0,132385.0
2020-08-23,Interest,253.0,0.0,132638.0
2020-08-23,Cash,0.0,26528.0,106111.0
2020-08-23,Interest,6.0,0.0,106117.0
2020-08-23,RTGS,1046966.0,0.0,1153083.0
2020-08-23,Reversal,0.0,144135.0,1008948.0
2020-08-23,Debit Card,5.0,0.0,1008953.0
2020-08-23,Bill,0.0,126119.0,882834.0
2020-08-23,Interest,67.0,0.0,882900.0
2020-08-23,Debit Card,6.0,0.0,882906.0
2020-08-23,Bill,0.0,88291.0,794616.0
2020-08-23,Bill,0.0,99327.0,695289.0
2020-08-23,Interest,0.0,69529.0,625760.0
2020-08-23,Bill,34.0,0.0,625794.0
2020-08-23,Cheque,430.0,0.0,626223.0
2020-08-23,Bill,1052738.0,0.0,1678961.0
2020-08-23,Cash,0.0,1678961.0,0.0
2020-08-23,Debit Card,32516.0,0.0,32516.0
2020-08-23,RTGS,291.0,0.0,32807.0
2020-08-23,Commission,1190197.0,0.0,1223004.0
2020-08-23,Debit Card,1043426.0,0.0,2266430.0
2020-08-23,Miscellaneous,0.0,283304.0,1983126.0
2020-08-23,Reversal,7.0,0.0,1983133.0
2020-08-23,Interest,0.0,220348.0,1762785.0
2020-08-23,Cheque,0.0,440696.0,1322088.0
2020-08-23,Transfer,27.0,0.0,1322115.0
2020-08-23,NEFT,8.0,0.0,1322123.0
2020-08-23,RTGS,6900.0,0.0,1329023.0
2020-08-23,Debit Card,1413.0,0.0,1330436.0
2020-08-23,Commission,0.0,443479.0,886957.0
2020-08-23,Bill,0.0,126708.0,760249.0
2020-08-23,Miscellaneous,0.0,108607.0,651642.0
2020-08-23,Transfer,309.0,0.0,651951.0
2020-08-24,Cash,0.0,108659.0,543293.0
2020-08-24,Tax,392733.0,0.0,936026.0
2020-08-24,Reversal,0.0,936026.0,0.0
2020-08-24,Commission,6.0,0.0,6.0
2020-08-24,IMPS,7264.0,0.0,7270.0
2020-08-24,RTGS,81053.0,0.0,88324.0
2020-08-24,Cheque,21261.0,0.0,109585.0
2020-08-24,Interest,0.0,10958.0,98626.0
2020-08-24,Transfer,12.0,0.0,98639.0
2020-08-24,Purchase,0.0,16440.0,82199.0
2020-08-24,Commission,0.0,13700.0,68499.0
2020-08-25,NEFT,33.0,0.0,68532.0
2020-08-25,Debit Card,0.0,68532.0,0.0
2020-08-25,Reversal,0.0,0.0,0.0
2020-08-25,Cash,0.0,0.0,0.0
2020-08-25,Cheque,0.0,0.0,0.0
2020-08-25,Cheque,20.0,0.0,20.0
2020-08-26,Miscellaneous,0.0,3.0,17.0
2020-08-26,Transfer,0.0,2.0,15.0
2020-08-26,Miscellaneous,0.0,5.0,10.0
2020-08-26,Interest,8877.0,0.0,8887.0
2020-08-26,Bill,0.0,889.0,7998.0
2020-08-26,Purchase,0.0,1143.0,6855.0
2020-08-26,Transfer,0.0,857.0,5999.0
2020-08-26,Commission,372901.0,0.0,378900.0
2020-08-26,NEFT,103.0,0.0,379003.0
2020-08-26,Tax,4.0,0.0,379006.0
2020-08-26,Purchase,0.0,126335.0,252671.0
2020-08-26,ATM,28883.0,0.0,281554.0
2020-08-26,Tax,0.0,70388.0,211165.0
2020-08-26,ATM,0.0,26396.0,184770.0
2020-08-26,Reversal,1042156.0,0.0,1226926.0
2020-08-26,Commission,0.0,306731.0,920194.0
2020-08-26,Cheque,0.0,306731.0,613463.0
2020-08-26,NEFT,5077.0,0.0,618540.0
2020-08-26,Reversal,0.0,77317.0,541222.0
2020-08-26,Tax,503.0,0.0,541725.0
2020-08-26,ATM,304576.0,0.0,846301.0
2020-08-26,IMPS,243.0,0.0,846543.0
2020-08-26,ATM,0.0,120935.0,725609.0
2020-08-26,Reversal,30.0,0.0,725639.0
2020-08-26,NEFT,49253.0,0.0,774892.0
2020-08-26,IMPS,26.0,0.0,774918.0
2020-08-26,Debit Card,0.0,154984.0,619934.0
2020-08-26,Tax,0.0,61993.0,557941.0
2020-08-26,Commission,0.0,557941.0,0.0
2020-08-26,NEFT,2050674.0,0.0,2050674.0
2020-08-26,Commission,1141400.0,0.0,3192073.0
2020-08-26,Debit Card,0.0,456010.0,2736063.0
2020-08-26,Miscellaneous,0.0,547213.0,2188850.0
2020-08-26,Interest,6573.0,0.0,2195423.0
2020-08-26,Commission,8.0,0.0,2195431.0
2020-08-26,Commission,0.0,439086.0,1756345.0
2020-08-26,Debit Card,3.0,0.0,1756348.0
2020-08-26,RTGS,1518840.0,0.0,3275187.0
2020-08-26,Interest,0.0,545865.0,2729323.0
2020-08-26,Miscellaneous,1.0,0.0,2729324.0
2020-08-26,Cash,447.0,0.0,2729770.0
2020-08-26,Interest,20133.0,0.0,2749903.0
2020-08-26,Purchase,0.0,274990.0,2474913.0
2020-08-26,Cheque,1378.0,0.0,2476291.0
2020-08-26,ATM,0.0,495258.0,1981033.0
2020-08-26,Commission,108096.0,0.0,2089128.0
2020-08-27,NEFT,14753.0,0.0,2103881.0
2020-08-27,Interest,31.0,0.0,2103913.0
2020-08-27,IMPS,31.0,0.0,2103944.0
2020-08-27,Bill,29118.0,0.0,2133061.0
2020-08-27,NEFT,81.0,0.0,2133142.0
2020-08-27,Tax,0.0,266643.0,1866499.0
2020-08-27,Debit Card,0.0,186650.0,1679849.0
2020-08-27,Debit Card,0.0,167985.0,1511864.0
2020-08-27,Miscellaneous,0.0,503955.0,1007910.0
2020-08-27,RTGS,12216.0,0.0,1020126.0
2020-08-27,Purchase,307.0,0.0,1020433.0
2020-08-27,Transfer,0.0,1020433.0,0.0
2020-08-27,Cheque,4.0,0.0,4.0
2020-08-27,Transfer,0.0,2.0,2.0
2020-08-27,Bill,0.0,0.0,2.0
2020-08-27,Commission,0.0,0.0,2.0
2020-08-27,Purchase,0.0,2.0,0.0
2020-08-28,Debit Card,432.0,0.0,432.0
2020-08-28,Debit Card,194391.0,0.0,194823.0
2020-08-29,Reversal,0.0,48706.0,146117.0
2020-08-29,RTGS,0.0,18265.0,127853.0
2020-08-29,Reversal,0.0,127853.0,0.0
2020-08-29,ATM,85.0,0.0,85.0
2020-08-29,IMPS,28480.0,0.0,28565.0
2020-08-29,Cheque,1981.0,0.0,30545.0
2020-08-29,Debit Card,0.0,15273.0,15273.0
2020-08-29,RTGS,1491695.0,0.0,1506968.0
2020-08-29,NEFT,0.0,167441.0,1339527.0
2020-08-29,Cheque,0.0,1339527.0,0.0
2020-08-29,Debit Card,3.0,0.0,3.0
2020-08-29,Miscellaneous,31.0,0.0,34.0
2020-08-29,Purchase,0.0,9.0,26.0
2020-08-29,Miscellaneous,6982.0,0.0,7008.0
2020-08-30,Miscellaneous,7.0,0.0,7015.0
2020-08-31,ATM,2257.0,0.0,9272.0
2020-08-31,Bill,31814.0,0.0,41086.0
2020-08-31,Commission,1434390.0,0.0,1475476.0
2020-08-31,Transfer,0.0,368869.0,1106607.0
2020-08-31,Cheque,0.0,221321.0,885286.0
2020-08-31,NEFT,1994908.0,0.0,2880193.0
2020-08-31,Bill,7457.0,0.0,2887650.0
2020-08-31,Purchase,41.0,0.0,2887691.0
2020-08-31,Cheque,2267.0,0.0,2889958.0
2020-08-31,Bill,0.0,1444979.0,1444979.0
2020-08-31,Reversal,0.0,361245.0,1083734.0
2020-08-31,Transfer,7249.0,0.0,1090983.0
2020-08-31,Transfer,0.0,121220.0,969763.0
2020-08-31,Reversal,0.0,96976.0,872787.0
2020-08-31,Reversal,6.0,0.0,872793.0
2020-08-31,Commission,0.0,145465.0,727327.0
2020-08-31,IMPS,68690.0,0.0,796017.0
2020-08-31,Transfer,0.0,199004.0,597013.0
2020-08-31,Bill,0.0,66335.0,530678.0
2020-08-31,Tax,0.0,66335.0,464343.0
2020-08-31,Bill,0.0,464343.0,0.0
2020-08-31,Miscellaneous,53.0,0.0,53.0
2020-08-31,Commission,2.0,0.0,56.0
2020-09-01,ATM,0.0,6.0,49.0
2020-09-01,ATM,984263.0,0.0,984312.0
2020-09-01,Cheque,154027.0,0.0,1138339.0
2020-09-01,Interest,1366.0,0.0,1139705.0
2020-09-01,Debit Card,0.0,142463.0,997242.0
2020-09-01,Interest,0.0,249311.0,747932.0
2020-09-01,Cheque,0.0,249311.0,498621.0
2020-09-01,Tax,274.0,0.0,498895.0
2020-09-01,NEFT,0.0,249448.0,249448.0
2020-09-01,IMPS,7158.0,0.0,256606.0
2020-09-01,Debit Card,10.0,0.0,256615.0
2020-09-01,ATM,0.0,128308.0,128308.0
2020-09-01,RTGS,1573.0,0.0,129881.0
2020-09-01,Bill,182.0,0.0,130062.0
2020-09-01,Cash,7.0,0.0,130069.0
2020-09-02,Cheque,2026.0,0.0,132095.0
2020-09-02,Commission,0.0,132095.0,0.0
2020-09-03,Tax,210326.0,0.0,210326.0
2020-09-03,Commission,1350759.0,0.0,1561085.0
2020-09-03,ATM,0.0,173454.0,1387631.0
2020-09-03,ATM,0.0,1387631.0,0.0
2020-09-03,Commission,3483.0,0.0,3483.0
2020-09-03,ATM,21815.0,0.0,25298.0
2020-09-03,Tax,0.0,6324.0,18973.0
2020-09-03,Reversal,0.0,3162.0,15811.0
2020-09-03,ATM,0.0,1976.0,13835.0
2020-09-03,Transfer,1863597.0,0.0,1877432.0
2020-09-03,Transfer,0.0,625811.0,1251621.0
2020-09-03,Transfer,0.0,312905.0,938716.0
2020-09-03,Transfer,2974.0,0.0,941690.0
2020-09-03,Reversal,23.0,0.0,941713.0
2020-09-04,Tax,0.0,117714.0,823999.0
2020-09-04,Reversal,0.0,411999.0,411999.0
2020-09-04,IMPS,7.0,0.0,412006.0
2020-09-04,Miscellaneous,0.0,41201.0,370806.0
2020-09-04,Cash,0.0,52972.0,317834.0
2020-09-04,Reversal,0.0,158917.0,158917.0
2020-09-04,ATM,165605.0,0.0,324522.0
2020-09-04,NEFT,0.0,36058.0,288464.0
2020-09-04,ATM,0.0,144232.0,144232.0
2020-09-04,NEFT,289.0,0.0,144521.0
2020-09-04,Bill,0.0,48174.0,96347.0
2020-09-04,Reversal,12.0,0.0,96359.0
2020-09-04,IMPS,13.0,0.0,96372.0
2020-09-04,Reversal,190302.0,0.0,286674.0
2020-09-04,Bill,4.0,0.0,286678.0
2020-09-04,Cash,51929.0,0.0,338607.0
2020-09-04,Miscellaneous,49.0,0.0,338656.0
2020-09-05,Transfer,0.0,112885.0,225771.0
2020-09-05,Transfer,1.0,0.0,225772.0
2020-09-05,RTGS,33552.0,0.0,259324.0
2020-09-05,Reversal,0.0,37046.0,222277.0
2020-09-05,Purchase,1297.0,0.0,223574.0
2020-09-05,Interest,114.0,0.0,223688.0
2020-09-05,RTGS,1999.0,0.0,225687.0
2020-09-05,Bill,6.0,0.0,225693.0
2020-09-05,Cheque,0.0,32242.0,193452.0
2020-09-05,Purchase,0.0,19345.0,174106.0
2020-09-05,Bill,2555.0,0.0,176661.0
2020-09-05,RTGS,0.0,22083.0,154579.0
2020-09-05,Bill,159303.0,0.0,313882.0
2020-09-05,NEFT,0.0,31388.0,282494.0
2020-09-05,Cheque,853.0,0.0,283347.0
2020-09-05,IMPS,0.0,56669.0,226677.0
2020-09-05,Reversal,145940.0,0.0,372617.0
2020-09-05,Bill,0.0,46577.0,326040.0
2020-09-05,Purchase,3043.0,0.0,329083.0
2020-09-05,Commission,20403.0,0.0,349486.0
2020-09-05,Transfer,0.0,69897.0,279589.0
2020-09-05,ATM,915.0,0.0,280504.0
2020-09-05,Reversal,0.0,280504.0,0.0
2020-09-05,NEFT,55.0,0.0,55.0
2020-09-05,Reversal,0.0,11.0,44.0
2020-09-05,Interest,191.0,0.0,235.0
2020-09-05,RTGS,0.0,26.0,209.0
2020-09-05,Interest,0.0,30.0,179.0
2020-09-05,Reversal,185222.0,0.0,185401.0
2020-09-05,Commission,0.0,30900.0,154501.0
2020-09-06,Miscellaneous,0.0,15450.0,139051.0
2020-09-07,Cheque,201799.0,0.0,340850.0
2020-09-07,Transfer,0.0,170425.0,170425.0
2020-09-07,Reversal,12.0,0.0,170437.0
2020-09-07,ATM,104339.0,0.0,274776.0
2020-09-07,Bill,0.0,45796.0,228980.0
2020-09-08,Tax,410.0,0.0,229390.0
2020-09-08,Purchase,32018.0,0.0,261408.0
2020-09-08,Purchase,97.0,0.0,261505.0
2020-09-08,Purchase,1891.0,0.0,263396.0
2020-09-08,NEFT,34.0,0.0,263431.0
2020-09-08,Cheque,186691.0,0.0,450122.0
2020-09-08,Purchase,3.0,0.0,450125.0
2020-09-08,Bill,0.0,45012.0,405112.0
2020-09-08,ATM,134.0,0.0,405246.0
2020-09-08,Cheque,301.0,0.0,405547.0
2020-09-08,Debit Card,4018.0,0.0,409565.0
2020-09-08,Bill,0.0,81913.0,327652.0
2020-09-08,Transfer,0.0,327652.0,0.0
2020-09-08,Interest,24809.0,0.0,24809.0
2020-09-09,Tax,0.0,3544.0,21265.0
2020-09-09,Bill,0.0,21265.0,0.0
2020-09-09,IMPS,182.0,0.0,182.0
2020-09-09,RTGS,27123.0,0.0,27305.0
2020-09-09,Purchase,4.0,0.0,27309.0
2020-09-09,Tax,0.0,6827.0,20482.0
2020-09-09,Interest,0.0,20482.0,0.0
2020-09-10,RTGS,184.0,0.0,184.0
2020-09-10,Reversal,0.0,23.0,161.0
2020-09-10,IMPS,0.0,40.0,121.0
2020-09-10,ATM,463902.0,0.0,464023.0
2020-09-10,Miscellaneous,0.0,116006.0,348017.0
2020-09-10,Interest,14.0,0.0,348031.0
2020-09-10,ATM,583058.0,0.0,931089.0
2020-09-10,Cash,85824.0,0.0,1016913.0
2020-09-10,Cheque,0.0,112990.0,903922.0
2020-09-10,Reversal,0.0,301307.0,602615.0
2020-09-10,Debit Card,7673.0,0.0,610288.0
2020-09-10,Cash,511620.0,0.0,1121908.0
2020-09-10,Miscellaneous,0.0,560954.0,560954.0
2020-09-10,Cheque,4.0,0.0,560958.0
2020-09-10,Cheque,836264.0,0.0,1397222.0
2020-09-10,Cheque,0.0,139722.0,1257499.0
2020-09-10,Bill,5.0,0.0,1257505.0
2020-09-10,Purchase,392.0,0.0,1257896.0
2020-09-10,IMPS,0.0,179699.0,1078197.0
2020-09-10,Purchase,0.0,1078197.0,0.0
2020-09-10,ATM,131.0,0.0,131.0
2020-09-10,Reversal,0.0,15.0,117.0
2020-09-10,NEFT,0.0,39.0,78.0
2020-09-10,Miscellaneous,5999.0,0.0,6077.0
2020-09-10,Bill,22641.0,0.0,28717.0
2020-09-10,Cheque,1138107.0,0.0,1166824.0
2020-09-10,Bill,50.0,0.0,1166874.0
2020-09-10,Bill,0.0,194479.0,972395.0
2020-09-10,Interest,51062.0,0.0,1023457.0
2020-09-10,Cheque,3724.0,0.0,1027181.0
2020-09-10,Cheque,0.0,205436.0,821745.0
2020-09-10,Tax,16210.0,0.0,837955.0
2020-09-10,RTGS,0.0,83795.0,754159.0
2020-09-10,Interest,0.0,83795.0,670364.0
2020-09-10,Reversal,1813198.0,0.0,2483562.0
2020-09-10,Interest,0.0,275951.0,2207611.0
2020-09-10,Interest,39.0,0.0,2207650.0
2020-09-11,Tax,2606.0,0.0,2210256.0
2020-09-11,Cheque,0.0,2210256.0,0.0
2020-09-11,Cheque,173299.0,0.0,173299.0
2020-09-11,ATM,0.0,21662.0,151637.0
2020-09-11,ATM,621767.0,0.0,773404.0
2020-09-11,NEFT,0.0,128901.0,644503.0
2020-09-11,Cash,0.0,161126.0,483377.0
2020-09-11,Interest,0.0,120844.0,362533.0
2020-09-11,Commission,0.0,120844.0,241689.0
2020-09-11,Transfer,567296.0,0.0,808984.0
2020-09-12,NEFT,6.0,0.0,808990.0
2020-09-12,Reversal,0.0,134832.0,674158.0
2020-09-12,Cash,43.0,0.0,674201.0
2020-09-12,NEFT,2904.0,0.0,677105.0
2020-09-12,Cash,0.0,84638.0,592467.0
2020-09-12,Cash,196578.0,0.0,789046.0
2020-09-12,Cheque,1.0,0.0,789047.0
2020-09-12,Transfer,39.0,0.0,789086.0
2020-09-12,RTGS,0.0,87676.0,701410.0
2020-09-12,Commission,0.0,233803.0,467607.0
2020-09-12,RTGS,0.0,0.0,467607.0
2020-09-12,Purchase,0.0,93521.0,374085.0
2020-09-12,Purchase,0.0,41565.0,332520.0
2020-09-12,Interest,19537.0,0.0,352057.0
2020-09-13,NEFT,379.0,0.0,352436.0
2020-09-13,NEFT,405.0,0.0,352842.0
2020-09-13,Cash,0.0,50406.0,302436.0
2020-09-13,Bill,0.0,30244.0,272192.0
2020-09-13,Interest,0.0,34024.0,238168.0
2020-09-13,Miscellaneous,0.0,238168.0,0.0
2020-09-13,Debit Card,6.0,0.0,6.0
2020-09-13,Transfer,0.0,6.0,0.0
2020-09-13,IMPS,812.0,0.0,812.0
2020-09-13,Cash,3218.0,0.0,4030.0
2020-09-13,Interest,0.0,448.0,3582.0
2020-09-13,ATM,0.0,448.0,3134.0
2020-09-13,Miscellaneous,0.0,627.0,2508.0
2020-09-13,Interest,58080.0,0.0,60588.0
2020-09-13,Purchase,0.0,60588.0,0.0
2020-09-13,Tax,2318.0,0.0,2318.0
2020-09-13,Purchase,0.0,2318.0,0.0
2020-09-13,Debit Card,423.0,0.0,423.0
2020-09-13,Bill,15571.0,0.0,15994.0
2020-09-13,Bill,0.0,5331.0,10663.0
2020-09-13,Commission,0.0,1185.0,9478.0
2020-09-14,NEFT,0.0,1185.0,8293.0
2020-09-14,RTGS,201882.0,0.0,210176.0
2020-09-14,Cash,419.0,0.0,210595.0
2020-09-14,RTGS,0.0,26324.0,184270.0
2020-09-14,Bill,103582.0,0.0,287852.0
2020-09-14,Cash,1607421.0,0.0,1895273.0
2020-09-14,ATM,0.0,473818.0,1421455.0
2020-09-14,Tax,0.0,142146.0,1279310.0
2020-09-14,ATM,6.0,0.0,1279316.0
2020-09-14,Miscellaneous,3948.0,0.0,1283264.0
2020-09-14,NEFT,111.0,0.0,1283375.0
2020-09-14,Commission,0.0,160422.0,1122953.0
2020-09-14,Transfer,7244.0,0.0,1130197.0
2020-09-14,Bill,8015.0,0.0,1138212.0
2020-09-14,Bill,61.0,0.0,1138273.0
2020-09-14,Interest,0.0,284568.0,853704.0
2020-09-14,RTGS,0.0,121958.0,731747.0
2020-09-14,Debit Card,0.0,91468.0,640278.0
2020-09-14,RTGS,0.0,128056.0,512223.0
2020-09-14,Purchase,1865.0,0.0,514088.0
2020-09-14,Miscellaneous,9342.0,0.0,523430.0
2020-09-14,Cheque,2749.0,0.0,526180.0
2020-09-14,Tax,0.0,105236.0,420944.0
2020-09-14,Interest,0.0,105236.0,315708.0
2020-09-14,NEFT,0.0,31571.0,284137.0
2020-09-14,RTGS,420.0,0.0,284557.0
2020-09-14,Cash,778190.0,0.0,1062747.0
2020-09-14,Transfer,51.0,0.0,1062798.0
2020-09-14,ATM,7.0,0.0,1062805.0
2020-09-14,Miscellaneous,1906.0,0.0,1064711.0
2020-09-14,Purchase,0.0,266178.0,798533.0
2020-09-14,Bill,3702.0,0.0,802235.0
2020-09-14,Transfer,0.0,133706.0,668529.0
2020-09-14,Bill,3409.0,0.0,671938.0
2020-09-14,Miscellaneous,0.0,223979.0,447959.0
2020-09-14,Interest,233.0,0.0,448191.0
2020-09-14,Commission,0.0,149397.0,298794.0
2020-09-14,Cash,5.0,0.0,298799.0
2020-09-14,RTGS,4.0,0.0,298804.0
2020-09-14,IMPS,0.0,298804.0,0.0
2020-09-14,NEFT,1305216.0,0.0,1305216.0
2020-09-14,Purchase,2727.0,0.0,1307944.0
2020-09-14,Transfer,0.0,326986.0,980958.0
2020-09-14,Cash,370.0,0.0,981328.0
2020-09-14,Cheque,4.0,0.0,981332.0
2020-09-14,Debit Card,317.0,0.0,981648.0
2020-09-14,Debit Card,1826917.0,0.0,2808565.0
2020-09-14,RTGS,1.0,0.0,2808567.0
2020-09-14,Debit Card,0.0,561713.0,2246854.0
2020-09-14,Purchase,0.0,449371.0,1797483.0
2020-09-14,Commission,0.0,299580.0,1497902.0
2020-09-14,Cheque,0.0,249650.0,1248252.0
2020-09-14,RTGS,0.0,416084.0,832168.0
2020-09-14,Miscellaneous,222220.0,0.0,1054388.0
2020-09-14,RTGS,202931.0,0.0,1257320.0
2020-09-14,Purchase,0.0,157165.0,1100155.0
2020-09-14,Bill,0.0,183359.0,916795.0
2020-09-14,Miscellaneous,38.0,0.0,916834.0
2020-09-14,Commission,147797.0,0.0,1064631.0
2020-09-14,Transfer,0.0,532315.0,532315.0
2020-09-14,Miscellaneous,0.0,53232.0,479084.0
2020-09-14,Reversal,6320.0,0.0,485404.0
2020-09-14,Cash,6.0,0.0,485410.0
2020-09-14,Cash,0.0,60676.0,424734.0
2020-09-14,ATM,3916.0,0.0,428650.0
2020-09-14,RTGS,23383.0,0.0,452033.0
2020-09-15,Commission,0.0,64576.0,387457.0
2020-09-15,Tax,0.0,38746.0,348711.0
2020-09-15,IMPS,0.0,348711.0,0.0
2020-09-15,NEFT,1257.0,0.0,1257.0
2020-09-15,Cash,0.0,180.0,1077.0
2020-09-15,IMPS,0.0,1077.0,0.0
2020-09-15,Bill,343.0,0.0,343.0
2020-09-15,Debit Card,0.0,43.0,300.0
2020-09-15,Interest,0.0,100.0,200.0
2020-09-15,Miscellaneous,5.0,0.0,205.0
2020-09-15,Debit Card,133.0,0.0,338.0
2020-09-15,Tax,22987.0,0.0,23325.0
2020-09-15,Cheque,0.0,5831.0,17494.0
2020-09-15,Bill,0.0,8747.0,8747.0
2020-09-15,Tax,0.0,8747.0,0.0
2020-09-15,Cheque,6.0,0.0,6.0
2020-09-15,Reversal,0.0,6.0,0.0
2020-09-15,Tax,126.0,0.0,126.0
2020-09-15,Commission,0.0,21.0,105.0
2020-09-15,Transfer,0.0,53.0,53.0
2020-09-15,NEFT,0.0,13.0,40.0
2020-09-15,Miscellaneous,4.0,0.0,44.0
2020-09-15,Purchase,0.0,5.0,38.0
2020-09-15,Interest,0.0,38.0,0.0
2020-09-15,Bill,458.0,0.0,458.0
2020-09-15,ATM,451.0,0.0,909.0
2020-09-15,Cheque,0.0,455.0,455.0
2020-09-15,ATM,20622.0,0.0,21077.0
2020-09-15,Transfer,1.0,0.0,21078.0
2020-09-15,Cheque,1026.0,0.0,22104.0
2020-09-15,Interest,0.0,3684.0,18420.0
2020-09-15,Commission,0.0,3684.0,14736.0
2020-09-15,Interest,0.0,1474.0,13262.0
2020-09-15,Cheque,0.0,13262.0,0.0
2020-09-15,Cheque,994038.0,0.0,994038.0
2020-09-15,Interest,0.0,198808.0,795230.0
2020-09-16,Interest,0.0,198808.0,596423.0
2020-09-16,IMPS,0.0,74553.0,521870.0
2020-09-17,Reversal,0.0,74553.0,447317.0
2020-09-17,IMPS,0.0,49702.0,397615.0
2020-09-17,NEFT,0.0,49702.0,347913.0
2020-09-17,Transfer,0.0,86978.0,260935.0
2020-09-17,Transfer,0.0,65234.0,195701.0
2020-09-17,Transfer,0.0,195701.0,0.0
2020-09-17,Cheque,136.0,0.0,136.0
2020-09-17,Transfer,0.0,14.0,122.0
2020-09-17,Commission,194.0,0.0,316.0
2020-09-17,RTGS,13.0,0.0,329.0
2020-09-17,IMPS,6.0,0.0,335.0
2020-09-17,Cheque,0.0,37.0,298.0
2020-09-17,Purchase,0.0,37.0,261.0
2020-09-17,Transfer,2.0,0.0,263.0
2020-09-17,Commission,0.0,263.0,0.0
2020-09-17,Tax,9829.0,0.0,9829.0
2020-09-17,Commission,600156.0,0.0,609985.0
2020-09-17,Bill,0.0,609985.0,0.0
2020-09-17,RTGS,29451.0,0.0,29451.0
2020-09-17,Cash,0.0,3681.0,25769.0
2020-09-17,IMPS,0.0,2863.0,22906.0
2020-09-17,Interest,0.0,11453.0,11453.0
2020-09-17,Cheque,0.0,5727.0,5727.0
2020-09-17,IMPS,284.0,0.0,6011.0
2020-09-17,NEFT,0.0,2004.0,4007.0
2020-09-17,RTGS,1914618.0,0.0,1918626.0
2020-09-17,RTGS,221930.0,0.0,2140555.0
2020-09-17,Tax,0.0,428111.0,1712444.0
2020-09-17,Bill,125.0,0.0,1712569.0
2020-09-17,Purchase,0.0,190285.0,1522284.0
2020-09-17,NEFT,1240887.0,0.0,2763171.0
2020-09-17,Cheque,52.0,0.0,2763222.0
2020-09-17,Commission,0.0,552644.0,2210578.0
2020-09-17,Transfer,1614432.0,0.0,3825010.0
2020-09-17,ATM,0.0,765002.0,3060008.0
2020-09-17,Purchase,0.0,510001.0,2550007.0
2020-09-17,RTGS,0.0,425001.0,2125006.0
2020-09-17,Miscellaneous,1815043.0,0.0,3940049.0
2020-09-17,Miscellaneous,64894.0,0.0,4004943.0
2020-09-17,IMPS,809105.0,0.0,4814047.0
2020-09-17,Cash,2979.0,0.0,4817026.0
2020-09-17,RTGS,372.0,0.0,4817398.0
2020-09-17,Transfer,126231.0,0.0,4943629.0
2020-09-17,Transfer,0.0,1647876.0,3295753.0
2020-09-17,Purchase,386.0,0.0,3296138.0
2020-09-17,Commission,0.0,3296138.0,0.0
2020-09-17,Miscellaneous,29.0,0.0,29.0
2020-09-17,Bill,55.0,0.0,84.0
2020-09-17,Debit Card,7.0,0.0,91.0
2020-09-17,NEFT,11.0,0.0,102.0
2020-09-17,NEFT,31725.0,0.0,31827.0
2020-09-17,Cash,0.0,6365.0,25462.0
2020-09-17,Bill,0.0,12731.0,12731.0
2020-09-17,Debit Card,209.0,0.0,12940.0
2020-09-17,Cash,49.0,0.0,12989.0
2020-09-17,Miscellaneous,111773.0,0.0,124762.0
2020-09-17,Purchase,23196.0,0.0,147958.0
2020-09-17,Cheque,2994.0,0.0,150952.0
2020-09-17,Interest,0.0,150952.0,0.0
2020-09-17,Debit Card,28309.0,0.0,28309.0
2020-09-17,Interest,0.0,14154.0,14154.0
2020-09-17,Cash,663.0,0.0,14818.0
2020-09-17,Tax,0.0,1482.0,13336.0
2020-09-17,Cash,0.0,13336.0,0.0
2020-09-17,ATM,159100.0,0.0,159100.0
2020-09-17,Reversal,0.0,39775.0,119325.0
2020-09-17,RTGS,61.0,0.0,119386.0
2020-09-17,Debit Card,0.0,119386.0,0.0
2020-09-17,Debit Card,263.0,0.0,263.0
2020-09-17,Cheque,3431.0,0.0,3694.0
2020-09-17,IMPS,0.0,3694.0,0.0
2020-09-17,IMPS,318121.0,0.0,318121.0
2020-09-17,Cheque,61.0,0.0,318182.0
2020-09-17,Reversal,0.0,318182.0,0.0
2020-09-17,Bill,446.0,0.0,446.0
2020-09-18,NEFT,0.0,45.0,401.0
2020-09-18,RTGS,0.0,134.0,268.0
2020-09-18,Transfer,0.0,134.0,134.0
2020-09-18,NEFT,0.0,27.0,107.0
2020-09-18,RTGS,3909.0,0.0,4016.0
2020-09-18,IMPS,0.0,1004.0,3012.0
2020-09-18,Purchase,0.0,1004.0,2008.0
2020-09-18,Tax,6936.0,0.0,8944.0
2020-09-18,Commission,0.0,994.0,7950.0
2020-09-18,RTGS,277.0,0.0,8227.0
2020-09-18,NEFT,0.0,2742.0,5485.0
2020-09-18,Bill,146966.0,0.0,152451.0
2020-09-18,Bill,141.0,0.0,152591.0
2020-09-18,IMPS,5.0,0.0,152596.0
2020-09-18,RTGS,0.0,21800.0,130797.0
2020-09-18,IMPS,0.0,32699.0,98098.0
2020-09-18,IMPS,69.0,0.0,98167.0
2020-09-18,ATM,1890558.0,0.0,1988725.0
2020-09-18,Debit Card,8482.0,0.0,1997207.0
2020-09-18,Tax,0.0,665736.0,1331471.0
2020-09-18,Miscellaneous,0.0,665736.0,665736.0
2020-09-18,Commission,0.0,665736.0,0.0
2020-09-18,Interest,358288.0,0.0,358288.0
2020-09-18,Tax,5.0,0.0,358293.0
2020-09-18,Purchase,0.0,59716.0,298578.0
2020-09-18,Miscellaneous,26.0,0.0,298604.0
2020-09-18,NEFT,47.0,0.0,298651.0
2020-09-18,Debit Card,0.0,49775.0,248876.0
2020-09-18,Reversal,531.0,0.0,249407.0
2020-09-18,Tax,1523086.0,0.0,1772493.0
2020-09-18,Cash,27526.0,0.0,1800018.0
2020-09-18,Reversal,0.0,225002.0,1575016.0
2020-09-19,Purchase,0.0,157502.0,1417515.0
2020-09-19,ATM,0.0,141751.0,1275763.0
2020-09-19,RTGS,116363.0,0.0,1392126.0
2020-09-19,Interest,46.0,0.0,1392172.0
2020-09-19,Miscellaneous,1375.0,0.0,1393547.0
2020-09-19,Cheque,0.0,278709.0,1114838.0
2020-09-19,Cheque,23228.0,0.0,1138065.0
2020-09-19,Cash,155420.0,0.0,1293485.0
2020-09-19,RTGS,0.0,184784.0,1108701.0
2020-09-19,Commission,1864384.0,0.0,2973085.0
2020-09-20,Interest,1609.0,0.0,2974694.0
2020-09-20,Bill,3.0,0.0,2974697.0
2020-09-20,Debit Card,496.0,0.0,2975193.0
2020-09-20,Cash,478.0,0.0,2975671.0
2020-09-20,IMPS,35.0,0.0,2975706.0
2020-09-20,Transfer,853460.0,0.0,3829166.0
2020-09-20,Miscellaneous,0.0,382917.0,3446250.0
2020-09-20,Commission,9441.0,0.0,3455691.0
2020-09-20,Purchase,27689.0,0.0,3483380.0
2020-09-20,Debit Card,2.0,0.0,3483381.0
2020-09-20,Purchase,4067.0,0.0,3487449.0
2020-09-21,Cash,0.0,871862.0,2615586.0
2020-09-21,ATM,3961.0,0.0,2619547.0
2020-09-21,Tax,149289.0,0.0,2768836.0
2020-09-21,Tax,376.0,0.0,2769212.0
2020-09-21,RTGS,0.0,307690.0,2461522.0
2020-09-21,NEFT,0.0,615381.0,1846142.0
2020-09-21,Miscellaneous,0.0,461535.0,1384606.0
2020-09-21,Purchase,191195.0,0.0,1575801.0
2020-09-21,Reversal,10.0,0.0,1575811.0
2020-09-22,Reversal,475.0,0.0,1576286.0
2020-09-22,Bill,0.0,197036.0,1379251.0
2020-09-22,Bill,54.0,0.0,1379304.0
2020-09-22,Cash,0.0,197043.0,1182261.0
2020-09-22,Reversal,0.0,197043.0,985217.0
2020-09-22,Reversal,73899.0,0.0,1059116.0
2020-09-22,Commission,24678.0,0.0,1083795.0
2020-09-22,Debit Card,0.0,120422.0,963373.0
2020-09-22,Interest,0.0,240843.0,722530.0
2020-09-22,IMPS,441.0,0.0,722971.0
2020-09-22,Debit Card,4.0,0.0,722975.0
2020-09-22,NEFT,1933336.0,0.0,2656310.0
2020-09-23,Cash,38.0,0.0,2656348.0
2020-09-23,Cheque,222988.0,0.0,2879336.0
2020-09-23,ATM,0.0,319926.0,2559410.0
2020-09-23,RTGS,110.0,0.0,2559520.0
2020-09-23,RTGS,0.0,2559520.0,0.0
2020-09-23,RTGS,2539.0,0.0,2539.0
2020-09-23,Interest,0.0,1269.0,1269.0
2020-09-23,NEFT,0.0,1269.0,0.0
2020-09-23,ATM,43.0,0.0,43.0
2020-09-23,Interest,0.0,7.0,36.0
2020-09-23,Reversal,107.0,0.0,143.0
2020-09-23,Bill,1992.0,0.0,2136.0
2020-09-23,Debit Card,58.0,0.0,2194.0
2020-09-23,Debit Card,0.0,244.0,1950.0
2020-09-23,Cheque,0.0,390.0,1560.0
2020-09-23,Bill,0.0,173.0,1387.0
2020-09-23,Commission,1288.0,0.0,2675.0
2020-09-23,Tax,2.0,0.0,2676.0
2020-09-23,ATM,0.0,2676.0,0.0
2020-09-23,Purchase,62.0,0.0,62.0
2020-09-23,Reversal,76454.0,0.0,76516.0
2020-09-23,Purchase,378.0,0.0,76894.0
2020-09-24,NEFT,14252.0,0.0,91146.0
2020-09-24,Commission,0.0,45573.0,45573.0
2020-09-24,Cheque,0.0,15191.0,30382.0
2020-09-24,Bill,0.0,15191.0,15191.0
2020-09-24,Commission,0.0,1519.0,13672.0
2020-09-24,NEFT,2.0,0.0,13674.0
2020-09-24,Debit Card,0.0,1519.0,12155.0
2020-09-24,Cheque,25178.0,0.0,37333.0
2020-09-24,Purchase,0.0,12444.0,24889.0
2020-09-24,Tax,0.0,6222.0,18666.0
2020-09-24,Transfer,300.0,0.0,18966.0
2020-09-24,Tax,3452.0,0.0,22419.0
2020-09-24,Bill,25588.0,0.0,48006.0
2020-09-24,IMPS,8962.0,0.0,56968.0
2020-09-24,Tax,0.0,5697.0,51271.0
2020-09-24,Purchase,5.0,0.0,51276.0
2020-09-24,Cash,1441.0,0.0,52717.0
2020-09-24,IMPS,59.0,0.0,52777.0
2020-09-24,Transfer,31.0,0.0,52808.0
2020-09-24,NEFT,0.0,26404.0,26404.0
2020-09-24,Interest,5.0,0.0,26409.0
2020-09-24,IMPS,0.0,26409.0,0.0
2020-09-24,NEFT,8845.0,0.0,8845.0
2020-09-24,Reversal,287.0,0.0,9132.0
2020-09-24,Bill,0.0,1826.0,7306.0
2020-09-24,Miscellaneous,0.0,1218.0,6088.0
2020-09-24,Bill,129407.0,0.0,135496.0
2020-09-24,Miscellaneous,0.0,135496.0,0.0
2020-09-24,Bill,6.0,0.0,6.0
2020-09-24,NEFT,0.0,1.0,5.0
2020-09-24,IMPS,0.0,1.0,5.0
2020-09-24,IMPS,0.0,1.0,4.0
2020-09-24,ATM,4.0,0.0,8.0
2020-09-24,ATM,38838.0,0.0,38846.0
2020-09-24,Tax,0.0,9711.0,29134.0
2020-09-24,Bill,0.0,3237.0,25897.0
2020-09-24,Interest,45.0,0.0,25942.0
2020-09-24,ATM,39.0,0.0,25981.0
2020-09-24,ATM,0.0,8660.0,17320.0
2020-09-24,RTGS,131430.0,0.0,148750.0
2020-09-25,Cash,2619.0,0.0,151370.0
2020-09-25,Interest,3.0,0.0,151373.0
2020-09-25,ATM,0.0,75686.0,75686.0
2020-09-25,IMPS,34.0,0.0,75720.0
2020-09-25,Debit Card,0.0,18930.0,56790.0
2020-09-25,Tax,7.0,0.0,56797.0
2020-09-25,Purchase,0.0,56797.0,0.0
2020-09-25,Reversal,74.0,0.0,74.0
2020-09-26,Commission,12851.0,0.0,12924.0
2020-09-26,Interest,22297.0,0.0,35222.0
2020-09-26,Tax,0.0,35222.0,0.0
2020-09-26,RTGS,5.0,0.0,5.0
2020-09-26,Reversal,28731.0,0.0,28736.0
2020-09-26,NEFT,0.0,3193.0,25543.0
2020-09-26,Cash,31752.0,0.0,57295.0
2020-09-26,Bill,0.0,57295.0,0.0
2020-09-26,Cheque,902574.0,0.0,902574.0
2020-09-26,Cash,0.0,112822.0,789752.0
2020-09-26,RTGS,5.0,0.0,789757.0
2020-09-26,Bill,3.0,0.0,789760.0
2020-09-26,Cash,0.0,157952.0,631808.0
2020-09-26,Reversal,0.0,70201.0,561607.0
2020-09-26,Reversal,20.0,0.0,561627.0
2020-09-26,Reversal,5.0,0.0,561632.0
2020-09-26,ATM,1474868.0,0.0,2036499.0
2020-09-26,IMPS,12068.0,0.0,2048568.0
2020-09-27,Purchase,0.0,341428.0,1707140.0
2020-09-27,Bill,389.0,0.0,1707528.0
2020-09-27,IMPS,1514983.0,0.0,3222511.0
2020-09-27,Interest,0.0,537085.0,2685426.0
2020-09-27,Purchase,897084.0,0.0,3582510.0
2020-09-27,ATM,32.0,0.0,3582542.0
2020-09-27,Purchase,107495.0,0.0,3690037.0
2020-09-27,NEFT,0.0,527148.0,3162889.0
2020-09-27,Reversal,0.0,316289.0,2846600.0
2020-09-27,Tax,71165.0,0.0,2917765.0
2020-09-27,RTGS,4.0,0.0,2917769.0
2020-09-27,NEFT,0.0,364721.0,2553048.0
2020-09-27,Miscellaneous,0.0,255305.0,2297743.0
2020-09-27,NEFT,84276.0,0.0,2382019.0
2020-09-27,Bill,512.0,0.0,2382531.0
2020-09-27,NEFT,28.0,0.0,2382559.0
2020-09-27,Reversal,0.0,2382559.0,0.0
2020-09-27,Transfer,1477663.0,0.0,1477663.0
2020-09-27,Cheque,0.0,164185.0,1313478.0
2020-09-27,Cheque,0.0,218913.0,1094565.0
2020-09-27,Debit Card,0.0,136821.0,957745.0
2020-09-27,Cheque,20371.0,0.0,978115.0
2020-09-27,Cheque,0.0,489058.0,489058.0
2020-09-27,Tax,12487.0,0.0,501545.0
2020-09-27,Cheque,0.0,125386.0,376159.0
2020-09-27,IMPS,0.0,188079.0,188079.0
2020-09-27,RTGS,0.0,188079.0,0.0
2020-09-27,Debit Card,12213.0,0.0,12213.0
2020-09-27,IMPS,504.0,0.0,12717.0
2020-09-27,Reversal,0.0,1272.0,11446.0
2020-09-27,Transfer,0.0,1272.0,10174.0
2020-09-27,Miscellaneous,0.0,1696.0,8478.0
2020-09-27,IMPS,21185.0,0.0,29664.0
2020-09-27,Cash,0.0,3708.0,25956.0
2020-09-27,NEFT,0.0,3244.0,22711.0
2020-09-27,Bill,25388.0,0.0,48100.0
2020-09-27,Miscellaneous,8538.0,0.0,56638.0
2020-09-27,Cheque,417.0,0.0,57055.0
2020-09-27,Tax,0.0,14264.0,42791.0
2020-09-27,Miscellaneous,58.0,0.0,42849.0
2020-09-27,Tax,29056.0,0.0,71905.0
2020-09-27,RTGS,0.0,23968.0,47936.0
2020-09-27,Cash,209641.0,0.0,257577.0
2020-09-27,Reversal,20318.0,0.0,277895.0
2020-09-28,Bill,0.0,46316.0,231579.0
2020-09-28,RTGS,16760.0,0.0,248340.0
2020-09-28,Bill,0.0,24834.0,223506.0
2020-09-28,Tax,210338.0,0.0,433843.0
2020-09-28,RTGS,1493.0,0.0,435336.0
2020-09-28,Interest,0.0,145112.0,290224.0
2020-09-28,Transfer,0.0,145112.0,145112.0
2020-09-28,Tax,7.0,0.0,145119.0
2020-09-28,Cash,0.0,36280.0,108839.0
2020-09-28,Transfer,13646.0,0.0,122485.0
2020-09-28,RTGS,109820.0,0.0,232305.0
2020-09-28,Cash,0.0,232305.0,0.0
2020-09-28,NEFT,19387.0,0.0,19387.0
2020-09-28,Reversal,60.0,0.0,19447.0
2020-09-28,RTGS,0.0,6482.0,12965.0
2020-09-28,Commission,20.0,0.0,12985.0
2020-09-28,Cash,0.0,1855.0,11130.0
2020-09-28,Transfer,2.0,0.0,11131.0
2020-09-28,Cash,0.0,1391.0,9740.0
2020-09-28,Interest,0.0,1623.0,8117.0
2020-09-28,Reversal,86461.0,0.0,94578.0
2020-09-28,Interest,35.0,0.0,94613.0
2020-09-28,IMPS,5.0,0.0,94618.0
2020-09-28,Purchase,490.0,0.0,95108.0
2020-09-28,Debit Card,0.0,10568.0,84540.0
2020-09-28,Commission,202302.0,0.0,286842.0
2020-09-28,Purchase,0.0,286842.0,0.0
2020-09-28,RTGS,19819.0,0.0,19819.0
2020-09-28,Cash,1238927.0,0.0,1258746.0
2020-09-28,RTGS,0.0,179821.0,1078925.0
2020-09-28,Tax,355.0,0.0,1079280.0
2020-09-28,NEFT,2.0,0.0,1079282.0
2020-09-28,NEFT,33.0,0.0,1079315.0
2020-09-28,ATM,20.0,0.0,1079335.0
2020-09-28,RTGS,0.0,107934.0,971402.0
2020-09-28,Bill,1408102.0,0.0,2379504.0
2020-09-28,Debit Card,0.0,339929.0,2039575.0
2020-09-28,IMPS,8.0,0.0,2039583.0
2020-09-28,RTGS,23293.0,0.0,2062876.0
2020-09-28,Tax,0.0,206288.0,1856588.0
2020-09-29,Commission,0.0,309431.0,1547157.0
2020-09-29,NEFT,0.0,515719.0,1031438.0
2020-09-29,Transfer,59.0,0.0,1031497.0
2020-09-29,RTGS,0.0,206299.0,825197.0
2020-09-29,Interest,0.0,82520.0,742678.0
2020-09-29,Transfer,5.0,0.0,742683.0
2020-09-29,Debit Card,53.0,0.0,742736.0
2020-09-29,Bill,0.0,148547.0,594189.0
2020-09-29,Reversal,0.0,297094.0,297094.0
2020-09-29,Cheque,49162.0,0.0,346256.0
2020-09-29,Transfer,102012.0,0.0,448268.0
2020-09-29,Bill,0.0,448268.0,0.0
2020-09-29,Reversal,3.0,0.0,3.0
2020-09-30,IMPS,3598.0,0.0,3601.0
2020-09-30,IMPS,0.0,3601.0,0.0
2020-10-01,IMPS,2.0,0.0,2.0
2020-10-01,Miscellaneous,0.0,0.0,2.0
2020-10-01,ATM,0.0,1.0,1.0
2020-10-02,Reversal,0.0,0.0,1.0
2020-10-02,Interest,1038376.0,0.0,1038376.0
2020-10-02,Commission,0.0,115375.0,923001.0
2020-10-02,RTGS,0.0,307667.0,615334.0
2020-10-02,Transfer,203637.0,0.0,818971.0
2020-10-02,ATM,0.0,163794.0,655177.0
2020-10-02,Tax,328.0,0.0,655505.0
2020-10-02,IMPS,0.0,327752.0,327752.0
2020-10-02,Cheque,23844.0,0.0,351596.0
2020-10-02,Transfer,211.0,0.0,351808.0
2020-10-02,Tax,41.0,0.0,351849.0
2020-10-02,Bill,0.0,50264.0,301585.0
2020-10-02,ATM,74.0,0.0,301659.0
2020-10-02,Reversal,0.0,301659.0,0.0
2020-10-02,Debit Card,49.0,0.0,49.0
2020-10-02,RTGS,0.0,6.0,43.0
2020-10-02,IMPS,0.0,9.0,34.0
2020-10-02,Bill,0.0,7.0,27.0
2020-10-02,ATM,0.0,9.0,18.0
2020-10-02,Purchase,30186.0,0.0,30204.0
2020-10-02,NEFT,0.0,6041.0,24163.0
2020-10-02,IMPS,0.0,4833.0,19330.0
2020-10-02,Cash,0.0,9665.0,9665.0
2020-10-02,Commission,0.0,1381.0,8284.0
2020-10-02,Interest,143794.0,0.0,152078.0
2020-10-02,Debit Card,2947.0,0.0,155026.0
2020-10-02,Debit Card,0.0,25838.0,129188.0
2020-10-02,Transfer,4.0,0.0,129192.0
2020-10-02,Transfer,2815.0,0.0,132007.0
2020-10-02,Tax,1.0,0.0,132008.0
2020-10-02,Transfer,0.0,132008.0,0.0
2020-10-02,Miscellaneous,5.0,0.0,5.0
2020-10-02,RTGS,76403.0,0.0,76408.0
2020-10-02,Cash,0.0,19102.0,57306.0
2020-10-02,Bill,1655.0,0.0,58961.0
2020-10-02,Debit Card,0.0,5896.0,53065.0
2020-10-02,Debit Card,1218957.0,0.0,1272022.0
2020-10-02,IMPS,0.0,127202.0,1144820.0
2020-10-02,Bill,1390978.0,0.0,2535798.0
2020-10-02,RTGS,0.0,281755.0,2254043.0
2020-10-03,Cheque,27524.0,0.0,2281567.0
2020-10-03,Cash,0.0,285196.0,1996371.0
2020-10-04,Commission,0.0,998185.0,998185.0
2020-10-04,IMPS,0.0,99819.0,898367.0
2020-10-04,Miscellaneous,7837.0,0.0,906204.0
2020-10-04,Transfer,0.0,453102.0,453102.0
2020-10-04,ATM,363.0,0.0,453465.0
2020-10-04,Cash,0.0,50385.0,403080.0
2020-10-04,IMPS,1443622.0,0.0,1846702.0
2020-10-04,RTGS,3348.0,0.0,1850050.0
2020-10-04,RTGS,0.0,616683.0,1233366.0
2020-10-04,Debit Card,150471.0,0.0,1383837.0
2020-10-04,Tax,63.0,0.0,1383900.0
2020-10-04,Bill,203.0,0.0,1384103.0
2020-10-04,Reversal,0.0,346026.0,1038078.0
2020-10-04,Transfer,1101.0,0.0,1039179.0
2020-10-04,NEFT,0.0,103918.0,935261.0
2020-10-04,ATM,0.0,187052.0,748209.0
2020-10-04,IMPS,0.0,124701.0,623507.0
2020-10-04,Cash,0.0,311754.0,311754.0
2020-10-05,Transfer,0.0,77938.0,233815.0
2020-10-05,IMPS,102.0,0.0,233917.0
2020-10-05,ATM,0.0,233917.0,0.0
2020-10-05,Commission,3973.0,0.0,3973.0
2020-10-05,Cheque,443570.0,0.0,447543.0
2020-10-05,NEFT,0.0,49727.0,397816.0
2020-10-05,Purchase,0.0,397816.0,0.0
2020-10-05,IMPS,137.0,0.0,137.0
2020-10-05,Miscellaneous,0.0,46.0,92.0
2020-10-05,Purchase,1960.0,0.0,2052.0
2020-10-05,Commission,1359.0,0.0,3411.0
2020-10-05,Cash,0.0,1705.0,1705.0
2020-10-05,NEFT,6.0,0.0,1712.0
2020-10-05,Interest,0.0,285.0,1426.0
2020-10-05,IMPS,0.0,158.0,1268.0
2020-10-05,Debit Card,0.0,181.0,1087.0
2020-10-05,Cash,6.0,0.0,1093.0
2020-10-05,Reversal,0.0,109.0,984.0
2020-10-05,Tax,641.0,0.0,1625.0
2020-10-05,Reversal,911.0,0.0,2536.0
2020-10-05,Tax,0.0,507.0,2028.0
2020-10-05,Miscellaneous,0.0,676.0,1352.0
2020-10-05,NEFT,0.0,193.0,1159.0
2020-10-05,Purchase,21.0,0.0,1180.0
2020-10-05,Transfer,44.0,0.0,1225.0
2020-10-05,IMPS,0.0,612.0,612.0
2020-10-05,Transfer,168429.0,0.0,169041.0
2020-10-06,Cash,1802968.0,0.0,1972009.0
2020-10-07,IMPS,64.0,0.0,1972074.0
2020-10-07,RTGS,1840410.0,0.0,3812484.0
2020-10-07,NEFT,0.0,1270828.0,2541656.0
2020-10-07,IMPS,1348931.0,0.0,3890587.0
2020-10-07,ATM,0.0,432287.0,3458299.0
2020-10-07,Cheque,1666.0,0.0,3459966.0
2020-10-07,ATM,11.0,0.0,3459977.0
2020-10-07,Purchase,0.0,345998.0,3113979.0
2020-10-07,Cash,0.0,3113979.0,0.0
2020-10-07,Transfer,50.0,0.0,50.0
2020-10-07,Cash,0.0,10.0,40.0
2020-10-07,Tax,0.0,20.0,20.0
2020-10-07,Transfer,497.0,0.0,517.0
2020-10-07,RTGS,0.0,65.0,452.0
2020-10-07,Transfer,830130.0,0.0,830582.0
2020-10-07,Reversal,0.0,103823.0,726760.0
2020-10-07,Cash,36.0,0.0,726796.0
2020-10-07,Tax,0.0,181699.0,545097.0
2020-10-07,Reversal,161347.0,0.0,706444.0
2020-10-07,Reversal,0.0,117741.0,588703.0
2020-10-07,RTGS,211.0,0.0,588914.0
2020-10-07,ATM,0.0,196305.0,392609.0
2020-10-07,IMPS,96.0,0.0,392705.0
2020-10-07,Purchase,0.0,65451.0,327254.0
2020-10-07,Debit Card,30.0,0.0,327285.0
2020-10-07,Tax,0.0,81821.0,245463.0
2020-10-07,Cash,0.0,81821.0,163642.0
2020-10-07,Purchase,0.0,16364.0,147278.0
2020-10-08,Transfer,0.0,24546.0,122732.0
2020-10-08,ATM,20.0,0.0,122751.0
2020-10-08,RTGS,5.0,0.0,122757.0
2020-10-08,Interest,0.0,61378.0,61378.0
2020-10-08,Tax,2877.0,0.0,64256.0
2020-10-08,Tax,3388.0,0.0,67644.0
2020-10-08,Interest,6888.0,0.0,74532.0
2020-10-08,Bill,0.0,10647.0,63884.0
2020-10-08,NEFT,0.0,6388.0,57496.0
2020-10-08,Bill,1867.0,0.0,59362.0
2020-10-08,Interest,0.0,19787.0,39575.0
2020-10-08,Reversal,0.0,9894.0,29681.0
2020-10-08,ATM,4.0,0.0,29685.0
2020-10-08,Cash,0.0,2968.0,26716.0
2020-10-08,Miscellaneous,25.0,0.0,26741.0
2020-10-08,Transfer,0.0,13371.0,13371.0
2020-10-08,Debit Card,0.0,3343.0,10028.0
2020-10-08,Miscellaneous,0.0,1671.0,8357.0
2020-10-08,Miscellaneous,5.0,0.0,8361.0
2020-10-08,Interest,0.0,1672.0,6689.0
2020-10-08,ATM,9.0,0.0,6698.0
2020-10-08,Miscellaneous,0.0,6698.0,0.0
2020-10-08,IMPS,342.0,0.0,342.0
2020-10-08,NEFT,0.0,85.0,256.0
2020-10-08,Commission,507.0,0.0,763.0
2020-10-08,Interest,0.0,95.0,668.0
2020-10-08,Miscellaneous,144086.0,0.0,144754.0
2020-10-08,NEFT,0.0,18094.0,126660.0
2020-10-08,RTGS,0.0,21110.0,105550.0
2020-10-08,RTGS,0.0,52775.0,52775.0
2020-10-08,Purchase,0.0,5864.0,46911.0
2020-10-08,Miscellaneous,358845.0,0.0,405756.0
2020-10-08,Purchase,43.0,0.0,405799.0
2020-10-08,Miscellaneous,0.0,81160.0,324639.0
2020-10-08,Cheque,522390.0,0.0,847029.0
2020-10-08,Interest,0.0,94114.0,752915.0
2020-10-09,Cheque,0.0,150583.0,602332.0
2020-10-09,Tax,0.0,602332.0,0.0
2020-10-09,IMPS,168.0,0.0,168.0
2020-10-09,Commission,31332.0,0.0,31500.0
2020-10-09,Transfer,15.0,0.0,31515.0
2020-10-09,Interest,200068.0,0.0,231583.0
2020-10-09,Bill,1.0,0.0,231584.0
2020-10-09,Bill,58.0,0.0,231642.0
